timestamp,elapsed_s,power_w,cpu_temp_c,p_core_max_mhz,p_core_avg_mhz,e_core_max_mhz,e_core_avg_mhz,gpu_act_mhz,gpu_cur_mhz,gpu_throttle_reasons,th_pl1,th_pl2,th_thermal,th_prochot
1787566027.1754844,4709.434,0.0,66,4200,3818.0,3300,3255.8,0,1300,none,0,0,0,0
1787566027.4302115,4709.687,40.25,68,4430,1750.6,3300,1657.0,0,1300,none,0,0,0,0
1787566027.6815112,4709.941,32.25,68,4453,2876.0,2969,996.5,0,1300,none,0,0,0,0
1787566027.9325328,4710.192,30.99,75,4454,2844.0,3300,2766.4,0,1300,none,0,0,0,0
1787566028.183775,4710.443,24.6,64,4454,2513.5,3221,2155.2,0,1300,none,0,0,0,0
1787566028.4347615,4710.694,27.05,64,4200,2442.8,3313,2927.9,0,1300,none,0,0,0,0
1787566028.6861863,4710.945,25.88,60,4408,2389.1,2915,928.0,0,1300,none,0,0,0,0
1787566028.937387,4711.197,20.63,85,4500,2803.4,577,422.1,0,1300,none,0,0,0,0
1787566029.1886847,4711.448,30.19,93,4499,985.0,1341,517.6,0,1300,none,0,0,0,0
1787566029.4399843,4711.699,28.09,61,4500,3358.0,3300,2943.4,0,1300,none,0,0,0,0
1787566029.6909232,4711.951,26.91,68,4318,1987.8,3296,925.4,1200,1300,none,0,0,0,0
1787566029.942161,4712.201,30.63,60,4113,3122.8,3300,3073.1,0,1300,none,0,0,0,0
1787566030.193335,4712.453,28.7,88,4500,1331.5,400,400.0,0,1300,none,0,0,0,0
1787566030.4446366,4712.704,22.9,59,4485,3445.2,3300,3087.6,0,1300,none,0,0,0,0
1787566030.6960456,4712.955,19.31,64,4367,1783.8,2266,633.2,0,1300,none,0,0,0,0
1787566030.9472578,4713.207,21.31,65,4471,2423.2,400,400.0,0,1300,none,0,0,0,0
1787566031.1984773,4713.458,25.38,93,4500,1302.8,2605,675.6,0,1300,none,0,0,0,0
1787566031.449831,4713.709,29.64,80,4499,4289.9,3300,2867.4,0,1300,none,0,0,0,0
1787566031.7013204,4713.96,28.33,70,4270,1414.6,400,400.0,0,1300,none,0,0,0,0
1787566031.952418,4714.212,26.47,68,4381,1776.9,3234,1095.0,0,1300,none,0,0,0,0
1787566032.2035024,4714.463,25.8,69,4107,2127.1,400,400.0,0,1300,none,0,0,0,0
1787566032.4545882,4714.714,24.29,71,4499,3391.5,3299,2707.8,1300,1300,none,0,0,0,0
1787566032.7055895,4714.965,21.7,68,4500,996.9,3301,1448.8,0,1300,none,0,0,0,0
1787566032.956647,4715.216,23.16,66,4479,1681.0,3299,1422.9,0,1300,none,0,0,0,0
1787566033.2076187,4715.467,33.23,66,4096,871.4,2873,1217.5,0,1300,none,0,0,0,0
1787566033.4585993,4715.718,32.6,75,4200,2931.8,3124,2852.1,0,1300,none,0,0,0,0
1787566033.7097473,4715.969,33.77,85,4450,1735.2,3299,1267.1,0,1300,none,0,0,0,0
1787566033.9608104,4716.22,37.04,81,4205,1454.0,3299,1228.0,0,1300,none,0,0,0,0
1787566034.212016,4716.471,33.93,81,4464,1781.9,3300,1325.4,0,1300,none,0,0,0,0
1787566034.4632804,4716.723,34.29,90,4500,3091.6,2973,721.8,0,1300,none,0,0,0,0
1787566035.243074,4717.502,31.84,72,4168,2323.4,400,400.0,0,1300,none,0,0,0,0
1787566035.4943135,4717.754,37.62,92,4202,3289.4,3299,3199.2,0,1300,none,0,0,0,0
1787566035.7454708,4718.005,43.96,89,4207,1744.1,639,429.9,0,1300,none,0,0,0,0
1787566035.996626,4718.256,32.87,81,4205,1193.9,2159,731.5,0,1300,none,0,0,0,0
1787566036.2477996,4718.507,33.76,80,4199,1632.2,1514,665.9,0,1300,none,0,0,0,0
1787566036.499763,4718.758,33.07,80,4200,2623.2,2774,1182.8,0,1300,none,0,0,0,0
1787566036.7516344,4719.01,31.81,84,4200,3598.1,3162,2621.1,0,1300,none,0,0,0,0
1787566037.0032797,4719.262,28.32,81,4200,1586.6,3196,967.2,0,1300,none,0,0,0,0
1787566037.2550585,4719.514,40.54,84,4205,4169.6,2808,2773.2,0,1300,none,0,0,0,0
1787566037.5063705,4719.765,44.98,84,4222,3662.9,3300,2864.4,1300,1300,none,0,0,0,0
1787566037.7593062,4720.018,39.51,85,4200,4196.9,3102,3098.6,0,1300,pl4,0,0,0,0
1787566038.0111265,4720.27,45.19,95,4201,2451.8,3299,1657.4,0,1300,none,0,0,0,0
1787566038.2629776,4720.522,40.99,84,4415,2423.9,3300,2170.8,0,1300,none,0,0,0,0
1787566038.5148008,4720.773,40.75,84,4423,4227.0,3237,2737.0,0,1300,none,0,0,0,0
1787566038.7664218,4721.025,46.74,77,4266,2925.2,3299,1889.8,1300,1300,none,0,0,0,0
1787566039.0180235,4721.277,44.88,95,4144,3442.0,3098,1981.4,1300,1300,none,0,0,0,0
1787566039.2703443,4721.53,41.64,85,3600,3598.0,2800,2800.0,1300,1300,none,0,0,0,0
1787566039.5213404,4721.781,41.77,92,3875,3777.5,2932,2905.6,1300,1300,none,0,0,0,0
1787566039.7749894,4722.033,55.04,88,3700,3699.1,2904,2900.4,1300,1300,none,0,0,0,0
1787566040.0266879,4722.286,47.55,74,4500,912.5,3089,736.1,1300,1300,none,0,0,0,0
1787566040.2779298,4722.537,37.82,74,4499,1186.5,400,400.0,1300,1300,none,0,0,0,0
1787566040.5291488,4722.788,39.18,74,4458,1490.9,400,400.0,1300,1300,none,0,0,0,0
1787566040.7802503,4723.04,39.14,75,4129,2431.2,893,461.6,1300,1300,none,0,0,0,0
1787566041.0315168,4723.291,36.82,83,4200,1664.0,2292,869.4,0,1300,none,0,0,0,0
1787566041.2831373,4723.542,25.7,72,4500,1407.6,1231,549.8,0,1300,none,0,0,0,0
1787566041.5339513,4723.794,26.78,76,4400,1743.9,1520,540.0,1300,1300,none,0,0,0,0
1787566041.784966,4724.044,30.01,65,4176,1836.4,3168,1553.1,1300,1300,none,0,0,0,0
1787566042.0360706,4724.295,26.18,66,4200,2046.5,1067,555.6,1300,1300,none,0,0,0,0
1787566042.2869012,4724.546,27.53,62,4200,3161.8,3192,1063.6,1300,1300,none,0,0,0,0
1787566042.538056,4724.797,30.52,69,4500,2359.5,3294,989.8,1300,1300,none,0,0,0,0
1787566042.7896676,4725.049,38.9,71,4471,1540.0,1137,492.1,1300,1300,none,0,0,0,0
1787566043.0408163,4725.3,36.31,65,4199,1842.0,2473,944.1,1300,1300,none,0,0,0,0
1787566043.2924654,4725.551,38.19,75,4500,1912.5,1292,511.5,1300,1300,none,0,0,0,0
1787566043.5439432,4725.803,38.86,70,4424,1873.2,808,488.9,1300,1300,none,0,0,0,0
1787566043.7952359,4726.054,39.99,78,4500,2826.9,3299,1083.0,1300,1300,none,0,0,0,0
1787566044.046524,4726.306,37.66,75,4500,1568.9,400,400.0,1300,1300,none,0,0,0,0
1787566044.2977672,4726.557,38.0,72,4500,1917.4,1561,545.1,1300,1300,none,0,0,0,0
1787566044.548712,4726.808,38.23,71,4500,1936.1,2801,1266.1,1300,1300,none,0,0,0,0
1787566044.8000677,4727.059,39.7,72,4459,1564.1,787,448.2,1300,1300,none,0,0,0,0
1787566045.0514874,4727.311,36.41,76,4470,1268.8,2667,908.1,1300,1300,none,0,0,0,0
1787566045.3028088,4727.562,37.84,74,4499,1681.0,3300,1149.6,1300,1300,none,0,0,0,0
1787566045.55393,4727.813,38.28,77,4500,1344.9,3297,762.1,1300,1300,none,0,0,0,0
1787566045.8052485,4728.064,40.2,75,4500,1368.5,815,451.9,1300,1300,none,0,0,0,0
1787566046.0565166,4728.316,37.97,75,4337,1422.1,400,400.0,1300,1300,none,0,0,0,0
1787566046.3078077,4728.567,38.4,75,4500,1039.9,2928,715.9,1300,1300,none,0,0,0,0
1787566046.5590403,4728.818,38.41,75,4500,1655.4,1844,623.2,1300,1300,none,0,0,0,0
1787566046.810293,4729.07,39.32,72,4504,2200.4,3295,1097.2,1300,1300,none,0,0,0,0
1787566047.0615106,4729.321,36.91,76,4500,1698.9,2225,671.2,1300,1300,none,0,0,0,0
1787566047.3127909,4729.572,38.67,75,4500,1395.1,407,400.9,1300,1300,none,0,0,0,0
1787566047.5639546,4729.823,38.69,76,4500,1196.4,3198,820.8,1300,1300,none,0,0,0,0
1787566047.8149118,4730.074,38.14,76,4183,1240.9,602,425.2,1300,1300,none,0,0,0,0
1787566048.0660403,4730.325,37.99,76,4500,1783.2,1836,684.6,1300,1300,none,0,0,0,0
1787566048.3171616,4730.576,38.6,77,4500,3305.4,3271,2703.2,1300,1300,none,0,0,0,0
1787566048.568487,4730.828,38.08,75,4500,1773.2,1029,478.6,1300,1300,none,0,0,0,0
1787566048.819678,4731.079,39.01,75,4500,1720.2,571,421.4,1300,1300,none,0,0,0,0
1787566049.07089,4731.33,38.14,80,4500,1380.1,3295,796.0,1300,1300,none,0,0,0,0
1787566049.322307,4731.581,37.31,77,4499,1695.9,2838,886.1,1300,1300,none,0,0,0,0
1787566049.5735486,4731.833,38.46,76,4500,1552.6,1443,630.9,1300,1300,none,0,0,0,0
1787566049.8247747,4732.084,38.63,76,4500,2141.9,3299,1494.0,1300,1300,none,0,0,0,0
1787566050.076118,4732.335,37.32,73,4499,1375.6,1000,475.0,1300,1300,none,0,0,0,0
1787566050.3272939,4732.587,38.14,74,4499,1557.6,719,439.9,1300,1300,none,0,0,0,0
1787566050.5786445,4732.838,38.6,76,4500,1752.0,1686,560.8,1300,1300,none,0,0,0,0
1787566050.830131,4733.089,39.16,72,4464,1648.4,1305,513.1,1300,1300,none,0,0,0,0
1787566051.081336,4733.341,37.19,78,4500,2181.0,3304,762.9,1300,1300,none,0,0,0,0
1787566051.3327081,4733.592,38.51,77,4499,1397.6,3178,1127.8,1300,1300,none,0,0,0,0
1787566051.5839036,4733.843,38.25,77,4418,1207.8,1260,507.5,1300,1300,none,0,0,0,0
1787566051.83496,4734.094,39.31,76,4500,1640.6,3291,993.2,1300,1300,none,0,0,0,0
1787566052.086208,4734.346,37.81,76,4500,1653.0,545,418.1,1300,1300,none,0,0,0,0
1787566052.3374372,4734.597,38.72,77,4499,1890.1,2668,725.9,1300,1300,none,0,0,0,0
1787566052.588858,4734.848,38.43,77,4500,1540.6,2434,751.9,1300,1300,none,0,0,0,0
1787566052.840068,4735.099,39.41,77,4475,1973.8,2764,1039.8,1300,1300,none,0,0,0,0
1787566053.091383,4735.351,39.31,80,4343,1557.0,2730,691.2,1300,1300,none,0,0,0,0
1787566053.3427663,4735.602,39.83,79,4500,1549.4,1703,575.6,1300,1300,none,0,0,0,0
1787566053.593945,4735.853,38.41,77,4500,1600.6,743,442.9,1300,1300,none,0,0,0,0
1787566053.84524,4736.104,38.72,80,4500,2011.4,2561,821.5,1300,1300,none,0,0,0,0
1787566054.0964785,4736.356,39.34,77,4499,1612.4,980,514.2,1300,1300,none,0,0,0,0
1787566054.3478723,4736.607,38.8,76,4475,1000.9,539,419.6,1300,1300,none,0,0,0,0
1787566054.5990884,4736.858,39.75,79,4432,1891.5,709,438.6,1300,1300,none,0,0,0,0
1787566054.8502574,4737.11,41.03,80,4500,1527.8,1360,520.0,1300,1300,none,0,0,0,0
1787566055.1013944,4737.361,39.33,84,4499,1838.1,3309,1213.4,1300,1300,none,0,0,0,0
1787566055.352584,4737.612,38.05,77,4500,1221.2,400,400.0,1300,1300,none,0,0,0,0
1787566055.6039882,4737.863,38.89,77,4500,1209.0,2116,614.5,1300,1300,none,0,0,0,0
1787566055.8549705,4738.115,39.81,71,4500,1301.6,1500,537.4,1300,1300,none,0,0,0,0
1787566056.1061988,4738.366,38.59,77,4500,1857.1,3155,744.4,1300,1300,none,0,0,0,0
1787566056.3573105,4738.617,38.25,80,4500,1353.0,1935,653.0,1300,1300,none,0,0,0,0
1787566056.608637,4738.868,38.86,80,4500,1968.9,1695,561.9,1300,1300,none,0,0,0,0
1787566056.8598547,4739.119,39.89,81,4500,1425.0,2680,685.0,1300,1300,none,0,0,0,0
1787566057.1111028,4739.37,39.08,84,4500,2103.2,3312,764.0,1300,1300,none,0,0,0,0
1787566057.362293,4739.622,40.37,79,4464,1468.2,400,400.0,1300,1300,none,0,0,0,0
1787566057.6135497,4739.873,38.99,79,4500,1804.5,1794,574.2,1300,1300,none,0,0,0,0
1787566057.8649826,4740.124,39.53,81,4284,1891.6,3099,1190.1,1300,1300,none,0,0,0,0
1787566058.116296,4740.376,38.1,79,4456,1184.0,2320,753.2,1300,1300,none,0,0,0,0
1787566058.3674088,4740.627,38.59,80,4499,1313.5,2915,714.2,1300,1300,none,0,0,0,0
1787566058.6187093,4740.878,39.49,80,4500,2095.8,400,400.0,1300,1300,none,0,0,0,0
1787566058.8698502,4741.129,39.59,80,4449,1592.4,534,416.8,1300,1300,none,0,0,0,0
1787566059.1211207,4741.38,39.37,85,4500,1656.0,3324,1123.8,1300,1300,none,0,0,0,0
1787566059.3723123,4741.632,38.8,81,4500,1694.0,1425,573.6,1300,1300,none,0,0,0,0
1787566059.623508,4741.883,39.08,79,4210,2186.9,1637,554.5,1300,1300,none,0,0,0,0
1787566059.8744779,4742.134,39.14,79,3672,900.0,1366,562.9,1300,1300,none,0,0,0,0
1787566060.12572,4742.385,38.89,80,4500,1097.9,2338,675.8,1300,1300,none,0,0,0,0
1787566060.376976,4742.636,38.86,81,4500,1089.9,400,399.9,1300,1300,none,0,0,0,0
1787566060.6290116,4742.887,38.65,80,3972,3576.0,2908,2856.9,1300,1300,none,0,0,0,0
1787566060.8801773,4743.139,39.27,80,4452,1722.4,1243,505.4,1300,1300,none,0,0,0,0
1787566061.1313524,4743.391,38.23,84,4499,1503.6,3320,922.6,1300,1300,none,0,0,0,0
1787566061.3825839,4743.642,38.69,82,4500,1733.4,2346,725.1,1300,1300,none,0,0,0,0
1787566061.6345792,4743.893,39.27,82,4424,2089.4,2444,773.8,1300,1300,none,0,0,0,0
1787566061.8868968,4744.145,39.24,80,4500,912.5,3179,1023.4,1300,1300,none,0,0,0,0
1787566062.1389182,4744.397,38.19,80,4500,1065.4,2948,859.4,1300,1300,none,0,0,0,0
1787566062.390263,4744.649,38.89,83,4472,1361.5,647,434.6,1300,1300,none,0,0,0,0
1787566062.6418333,4744.901,39.8,83,4500,2011.1,595,424.4,1300,1300,none,0,0,0,0
1787566062.8931928,4745.152,38.87,81,4471,1368.2,1433,529.1,1300,1300,none,0,0,0,0
1787566063.144524,4745.404,38.92,85,4315,2025.5,1424,619.9,1300,1300,none,0,0,0,0
1787566063.395866,4745.655,38.72,81,4500,1753.4,1371,521.4,1300,1300,none,0,0,0,0
1787566063.6471364,4745.906,39.06,84,4468,3812.2,3300,2466.8,1300,1300,none,0,0,0,0
1787566063.898172,4746.158,38.88,83,4414,1274.1,1728,688.5,1300,1300,none,0,0,0,0
1787566064.1495478,4746.409,39.24,81,4478,2041.8,1897,748.2,1300,1300,none,0,0,0,0
1787566064.400861,4746.66,37.88,83,4500,912.5,2409,707.6,1300,1300,none,0,0,0,0
1787566064.6523561,4746.911,39.45,83,4382,3686.8,3299,2667.5,1300,1300,none,0,0,0,0
1787566064.9037416,4747.163,39.97,83,4500,1559.0,2455,656.9,1300,1300,none,0,0,0,0
1787566065.1549487,4747.414,39.25,87,4373,1690.6,3299,1116.1,1300,1300,none,0,0,0,0
1787566065.406312,4747.666,38.29,83,4469,1536.6,2764,695.5,1300,1300,none,0,0,0,0
1787566065.6577482,4747.917,40.12,83,4500,1580.5,1127,576.5,1300,1300,none,0,0,0,0
1787566065.9091845,4748.168,40.43,84,4420,1691.0,987,473.4,1300,1300,none,0,0,0,0
1787566066.1605713,4748.42,38.39,83,4500,1643.0,2051,606.4,1300,1300,none,0,0,0,0
1787566066.4119678,4748.671,38.87,83,4415,1322.4,2554,1184.0,1300,1300,none,0,0,0,0
1787566066.6634116,4748.923,39.67,83,4421,1673.0,430,403.8,1300,1300,none,0,0,0,0
1787566066.9146261,4749.174,38.9,83,4500,1503.5,1546,543.2,1300,1300,none,0,0,0,0
1787566067.1659892,4749.425,39.29,87,4390,1790.0,3297,1432.0,1300,1300,none,0,0,0,0
1787566067.4172888,4749.676,39.16,83,4434,1505.5,1717,629.9,1300,1300,none,0,0,0,0
1787566067.668705,4749.928,39.63,83,4500,1792.6,1356,519.5,1300,1300,none,0,0,0,0
1787566067.919844,4750.179,38.76,83,4499,1566.1,1482,675.8,1300,1300,none,0,0,0,0
1787566068.171306,4750.43,39.71,84,4457,1751.2,716,439.4,1300,1300,none,0,0,0,0
1787566068.4226773,4750.682,38.43,84,4500,1735.2,3305,763.1,1300,1300,none,0,0,0,0
1787566068.6742253,4750.933,39.41,84,4443,1730.6,1072,484.0,1300,1300,none,0,0,0,0
1787566068.9255304,4751.185,39.94,83,4481,1989.0,2489,953.5,1300,1300,none,0,0,0,0
1787566069.1768866,4751.436,39.1,88,4494,3654.8,3290,1849.9,1300,1300,none,0,0,0,0
1787566069.4282138,4751.687,39.66,85,4296,1414.2,400,400.0,1300,1300,none,0,0,0,0
1787566069.6795473,4751.939,38.89,85,4483,1729.6,3308,1193.0,1300,1300,none,0,0,0,0
1787566069.931026,4752.19,39.5,84,4457,1527.0,2352,658.6,1300,1300,none,0,0,0,0
1787566070.1822734,4752.442,38.69,84,4406,1725.0,401,400.1,1300,1300,none,0,0,0,0
1787566070.433792,4752.693,39.16,84,4438,1608.9,2722,986.0,1300,1300,none,0,0,0,0
1787566070.6851645,4752.944,35.38,81,4264,2013.5,2061,766.8,1300,1300,none,0,0,0,0
1787566070.9366467,4753.196,40.37,85,4433,1706.5,400,400.0,1300,1300,none,0,0,0,0
1787566071.187665,4753.447,39.81,87,3965,3728.2,3030,2950.4,0,1300,none,0,0,0,0
1787566071.4386687,4753.698,41.31,86,4499,1197.5,1558,726.4,1300,1300,none,0,0,0,0
1787566071.6900277,4753.949,43.11,88,4500,1809.2,2842,891.0,1300,1300,none,0,0,0,0
1787566071.9412787,4754.201,40.04,84,4500,2138.8,400,400.0,1300,1300,none,0,0,0,0
1787566072.1926246,4754.452,39.11,88,4500,1671.2,3310,2376.4,1300,1300,none,0,0,0,0
1787566072.4440813,4754.703,38.35,84,4456,1349.8,913,464.1,1300,1300,none,0,0,0,0
1787566072.6954875,4754.955,40.1,84,4467,1486.5,1580,547.5,1300,1300,none,0,0,0,0
1787566072.9469233,4755.206,40.62,84,4500,1624.0,2440,835.1,1300,1300,none,0,0,0,0
1787566073.1981897,4755.457,38.81,84,4456,1262.9,400,399.9,1300,1300,none,0,0,0,0
1787566073.4494965,4755.709,39.15,85,4460,1398.1,2908,933.0,1300,1300,none,0,0,0,0
1787566073.7009804,4755.96,39.81,85,4424,1609.2,1143,492.9,1300,1300,none,0,0,0,0
1787566073.95221,4756.212,39.71,81,4500,2221.5,1421,599.5,1300,1300,none,0,0,0,0
1787566074.2033913,4756.463,38.56,88,4500,1821.8,2976,927.6,1300,1300,none,0,0,0,0
1787566074.454817,4756.714,38.99,85,4499,1723.2,1170,565.1,1300,1300,none,0,0,0,0
1787566074.7059407,4756.965,39.22,84,4500,1564.2,2242,711.1,1300,1300,none,0,0,0,0
1787566074.9572263,4757.216,38.85,77,4500,1831.1,3299,1956.6,1300,1300,none,0,0,0,0
1787566075.208357,4757.468,38.91,83,4499,1691.4,400,399.9,1300,1300,none,0,0,0,0
1787566075.459555,4757.719,38.3,85,4476,1309.5,1223,502.9,1300,1300,none,0,0,0,0
1787566075.7108946,4757.97,40.07,85,4500,960.5,2451,750.6,1300,1300,none,0,0,0,0
1787566075.962171,4758.221,39.16,79,4500,2333.4,2131,926.6,1300,1300,none,0,0,0,0
1787566076.213417,4758.473,38.88,85,4420,1573.8,3040,1091.0,1300,1300,none,0,0,0,0
1787566076.465011,4758.724,38.75,85,4471,1511.9,1640,555.0,1300,1300,none,0,0,0,0
1787566076.7162814,4758.976,40.3,81,4472,1525.4,3293,1086.1,1300,1300,none,0,0,0,0
1787566076.9679978,4759.227,40.26,91,4426,2300.1,3292,1144.2,1300,1300,none,0,0,0,0
1787566077.2193825,4759.478,39.1,84,4500,1431.8,2423,903.0,1300,1300,none,0,0,0,0
1787566077.4707916,4759.73,37.94,85,4500,2024.5,1936,592.0,1300,1300,none,0,0,0,0
1787566077.7218237,4759.981,39.18,75,4500,1456.9,2481,852.2,1300,1300,none,0,0,0,0
1787566077.9730296,4760.232,39.43,84,4500,2538.2,400,399.9,1300,1300,none,0,0,0,0
1787566078.224315,4760.483,38.97,80,4206,1741.6,3010,807.4,1300,1300,none,0,0,0,0
1787566078.4757695,4760.735,38.86,84,4500,1558.9,703,437.9,1300,1300,none,0,0,0,0
1787566078.7271492,4760.986,39.45,82,4471,1677.5,1656,587.5,1300,1300,none,0,0,0,0
1787566078.9784453,4761.238,39.96,88,4379,2347.8,3303,1556.1,1300,1300,none,0,0,0,0
1787566079.2299347,4761.489,38.87,85,4500,1405.1,2750,706.4,1300,1300,none,0,0,0,0
1787566079.4813879,4761.74,39.2,85,4466,1447.2,1387,523.4,1300,1300,none,0,0,0,0
1787566079.7325726,4761.992,39.44,89,4403,1555.9,3301,1295.1,1300,1300,none,0,0,0,0
1787566079.9837995,4762.243,39.66,85,4434,2497.6,3299,888.0,1300,1300,none,0,0,0,0
1787566080.235043,4762.494,42.55,84,4429,2129.8,3298,1057.5,1300,1300,none,0,0,0,0
1787566080.4866052,4762.746,39.19,85,4454,1589.5,561,420.1,1300,1300,none,0,0,0,0
1787566080.7379835,4762.997,40.09,87,4464,1649.0,2011,716.2,1300,1300,none,0,0,0,0
1787566080.9891973,4763.249,38.85,91,4440,2187.8,3290,1007.4,1300,1300,none,0,0,0,0
1787566081.2404788,4763.5,39.52,84,4500,1846.1,3113,832.5,1300,1300,none,0,0,0,0
1787566081.4917142,4763.751,39.81,85,4500,1571.1,1306,577.5,1300,1300,none,0,0,0,0
1787566081.7429032,4764.002,40.29,85,4500,1641.4,2780,847.2,1300,1300,none,0,0,0,0
1787566081.9941432,4764.253,38.11,84,4500,2163.2,1469,617.4,1300,1300,none,0,0,0,0
1787566082.245374,4764.505,40.62,85,4500,2134.2,3265,770.5,1300,1300,none,0,0,0,0
1787566082.4967566,4764.756,39.56,85,4500,1731.6,1477,579.4,1300,1300,none,0,0,0,0
1787566082.747887,4765.007,40.19,85,4500,1978.8,1142,514.2,1300,1300,none,0,0,0,0
1787566082.9991245,4765.258,38.4,89,4500,2263.8,3301,1297.4,1300,1300,none,0,0,0,0
1787566083.2502422,4765.51,39.65,84,4502,1840.1,2591,945.0,1300,1300,none,0,0,0,0
1787566083.5014222,4765.761,38.01,85,4200,1484.8,400,400.0,1300,1300,none,0,0,0,0
1787566083.752824,4766.012,40.95,87,4500,1300.6,2252,774.4,1300,1300,none,0,0,0,0
1787566084.0041842,4766.263,38.48,87,4466,1913.2,2819,1009.6,1300,1300,none,0,0,0,0
1787566084.2556589,4766.515,39.8,90,4500,2049.9,2168,656.1,1300,1300,none,0,0,0,0
1787566084.507423,4766.766,38.4,88,4499,1697.9,2147,742.4,1300,1300,none,0,0,0,0
1787566084.7588782,4767.018,41.21,88,4451,1964.9,700,437.5,1300,1300,none,0,0,0,0
1787566085.0102544,4767.269,39.82,92,4479,2050.6,3261,1244.8,1300,1300,none,0,0,0,0
1787566085.2617462,4767.521,40.03,91,4500,1886.9,1296,512.0,1300,1300,none,0,0,0,0
1787566085.5132577,4767.772,38.45,87,4499,1591.9,928,466.0,1300,1300,none,0,0,0,0
1787566085.7647843,4768.024,39.6,87,4500,1778.8,3012,1066.5,1300,1300,none,0,0,0,0
1787566086.015933,4768.275,38.42,84,4500,1665.2,1781,638.5,1300,1300,none,0,0,0,0
1787566086.2671807,4768.526,38.92,87,4499,1778.8,1984,598.0,1300,1300,none,0,0,0,0
1787566086.5186386,4768.778,38.24,85,4485,910.6,2634,959.4,1300,1300,none,0,0,0,0
1787566086.7699857,4769.029,39.48,84,4500,2154.9,1425,528.1,1300,1300,none,0,0,0,0
1787566087.0214717,4769.281,38.27,87,4387,2074.6,3288,840.1,1300,1300,none,0,0,0,0
1787566087.272908,4769.532,39.76,85,4500,1274.2,400,399.9,1300,1300,none,0,0,0,0
1787566087.5241582,4769.783,38.96,85,4500,1338.2,1198,499.8,1300,1300,none,0,0,0,0
1787566087.7753928,4770.035,39.73,91,4500,2299.9,3334,929.8,1300,1300,none,0,0,0,0
1787566088.0278568,4770.286,38.67,85,3855,3800.0,2984,2945.0,1300,1300,none,0,0,0,0
1787566088.2799668,4770.538,39.73,88,4500,1331.2,3077,846.5,1300,1300,none,0,0,0,0
1787566088.5323584,4770.791,38.47,90,4062,3193.9,3046,2640.6,1300,1300,none,0,0,0,0
1787566088.7837627,4771.043,40.44,87,4441,1751.0,1252,595.1,1300,1300,none,0,0,0,0
1787566089.0356283,4771.294,39.3,87,4500,1425.0,3287,1627.0,1300,1300,none,0,0,0,0
1787566089.2876759,4771.546,39.38,87,4500,1294.6,2901,735.1,1300,1300,none,0,0,0,0
1787566089.5394824,4771.798,38.68,87,4454,1408.9,3237,815.4,1300,1300,none,0,0,0,0
1787566089.7909274,4772.05,40.43,87,4500,1729.4,3311,880.2,1300,1300,none,0,0,0,0
1787566090.0422213,4772.301,38.97,88,4499,2176.8,3299,1236.1,1300,1300,none,0,0,0,0
1787566090.2936194,4772.553,38.99,88,4497,912.1,2071,661.6,1300,1300,none,0,0,0,0
1787566090.5450113,4772.804,39.18,92,4500,2138.4,3300,976.6,1300,1300,none,0,0,0,0
1787566090.7963557,4773.056,39.64,88,4470,1518.4,2226,747.2,1300,1300,none,0,0,0,0
1787566091.0474892,4773.307,40.18,90,4500,1462.8,3300,1054.9,1300,1300,none,0,0,0,0
1787566091.298971,4773.558,39.47,87,4500,1413.0,1366,520.8,1300,1300,none,0,0,0,0
1787566091.5509105,4773.809,39.39,85,4453,2123.2,2326,640.8,1300,1300,none,0,0,0,0
1787566091.8022273,4774.061,39.95,89,4467,1734.2,3308,763.2,1300,1300,none,0,0,0,0
1787566092.053779,4774.313,38.89,87,4444,2015.0,467,408.4,1300,1300,none,0,0,0,0
1787566092.3050065,4774.564,40.33,85,4500,1566.1,400,400.0,1300,1300,none,0,0,0,0
1787566092.5561981,4774.815,38.61,92,4211,2079.9,3304,1044.9,1300,1300,none,0,0,0,0
1787566092.8073575,4775.067,39.78,85,4500,1408.2,401,400.1,1300,1300,none,0,0,0,0
1787566093.058566,4775.318,38.88,85,4500,1691.9,3299,774.1,1300,1300,none,0,0,0,0
1787566093.309946,4775.569,39.48,84,4499,1107.5,422,402.8,1300,1300,none,0,0,0,0
1787566093.561108,4775.82,39.14,87,4252,2421.1,3300,2253.8,1300,1300,none,0,0,0,0
1787566093.8122687,4776.072,40.06,88,4426,1520.0,2292,825.9,1300,1300,none,0,0,0,0
1787566094.0635145,4776.323,38.93,87,4500,1489.0,3300,1124.5,1300,1300,none,0,0,0,0
1787566094.3147368,4776.574,39.79,88,4500,1249.6,1905,588.1,1300,1300,none,0,0,0,0
1787566094.5665834,4776.825,38.58,90,4333,2491.2,2655,797.1,1300,1300,none,0,0,0,0
1787566094.8184626,4777.077,39.56,87,4499,1009.8,3300,1701.0,1300,1300,none,0,0,0,0
1787566095.070408,4777.329,39.46,88,4500,2206.9,3299,1060.9,1300,1300,none,0,0,0,0
1787566095.3225076,4777.581,38.79,90,4500,912.5,3299,1051.8,1300,1300,none,0,0,0,0
1787566095.574552,4777.833,39.34,85,4500,1569.9,3300,1390.4,1300,1300,none,0,0,0,0
1787566095.82637,4778.085,39.6,88,4500,912.5,3235,1119.8,1300,1300,none,0,0,0,0
1787566096.077775,4778.337,39.22,89,4500,3449.9,3300,2258.5,1300,1300,none,0,0,0,0
1787566096.3292127,4778.588,39.41,87,4472,1613.9,1954,779.8,1300,1300,none,0,0,0,0
1787566096.5805898,4778.84,39.4,92,4483,1235.6,3300,1396.9,1300,1300,none,0,0,0,0
1787566096.8319857,4779.091,41.37,90,4413,2172.1,2237,799.1,1300,1300,none,0,0,0,0
1787566097.0833309,4779.342,40.9,91,4401,3928.0,3302,2790.0,1300,1300,none,0,0,0,0
1787566097.3348663,4779.594,40.19,90,4500,1488.4,472,409.0,1300,1300,none,0,0,0,0
1787566097.5862858,4779.845,40.27,90,4414,3841.1,3299,2637.9,1300,1300,none,0,0,0,0
1787566097.8376682,4780.097,39.87,92,4500,1131.9,3298,1684.1,1300,1300,none,0,0,0,0
1787566098.0891337,4780.348,39.88,90,4461,1375.2,400,399.9,1300,1300,none,0,0,0,0
1787566098.3405025,4780.6,40.79,88,4499,2063.8,1680,693.1,1300,1300,none,0,0,0,0
1787566098.591668,4780.851,38.92,91,4500,2977.0,3270,2210.2,1200,1300,none,0,0,0,0
1787566098.8429801,4781.102,39.94,88,4436,1444.8,3301,762.6,1300,1300,none,0,0,0,0
1787566099.094369,4781.354,40.14,88,4423,1776.1,3308,944.4,1300,1300,none,0,0,0,0
1787566099.3457665,4781.605,40.57,89,4500,1618.0,400,400.0,1300,1300,none,0,0,0,0
1787566099.5971618,4781.856,40.42,88,4469,1725.6,537,417.1,1300,1300,none,0,0,0,0
1787566099.8486252,4782.108,39.9,93,4398,2614.6,571,421.2,1300,1300,none,0,0,0,0
1787566100.099959,4782.359,40.1,87,4382,1382.1,484,410.5,1300,1300,none,0,0,0,0
1787566100.3510764,4782.61,41.89,88,4500,1950.5,2098,612.2,1300,1300,none,0,0,0,0
1787566100.6020703,4782.862,43.38,89,4500,1481.4,400,400.0,1300,1300,none,0,0,0,0
1787566100.8532708,4783.113,40.11,89,4500,1396.4,3309,823.4,1300,1300,none,0,0,0,0
1787566101.1046655,4783.364,39.52,85,4500,1278.4,1916,687.8,1300,1300,none,0,0,0,0
1787566101.3559391,4783.615,39.36,88,4445,1364.9,793,449.1,1300,1300,none,0,0,0,0
1787566101.60745,4783.866,41.25,91,4442,1305.4,400,400.0,1300,1300,none,0,0,0,0
1787566101.8588955,4784.118,39.37,88,4500,1446.8,1520,677.4,1300,1300,none,0,0,0,0
1787566102.1104138,4784.369,39.73,88,4500,1717.8,1760,570.0,1300,1300,none,0,0,0,0
1787566102.3622541,4784.621,39.22,88,4500,1623.2,1558,544.8,1300,1300,none,0,0,0,0
1787566102.6138372,4784.873,39.71,87,4500,1390.2,400,399.9,1300,1300,none,0,0,0,0
1787566102.8654218,4785.124,40.57,93,4366,2541.6,2272,901.1,1300,1300,none,0,0,0,0
1787566103.1166875,4785.376,40.6,88,4476,1576.0,1498,569.8,1300,1300,none,0,0,0,0
1787566103.3680673,4785.627,40.32,85,4482,1440.4,1831,687.9,1300,1300,none,0,0,0,0
1787566103.619349,4785.879,40.11,79,3765,1556.4,1904,627.8,1300,1300,none,0,0,0,0
1787566103.8707428,4786.13,39.82,88,4499,1327.9,719,439.8,1300,1300,none,0,0,0,0
1787566104.1221669,4786.381,39.37,87,4470,1565.5,400,399.9,1300,1300,none,0,0,0,0
1787566104.3736906,4786.633,40.2,87,4485,1383.1,494,411.8,1300,1300,none,0,0,0,0
1787566104.6248658,4786.884,39.68,87,4474,1138.8,1665,657.6,1300,1300,none,0,0,0,0
1787566104.8762617,4787.135,40.59,92,4317,2336.1,3293,1162.2,1300,1300,none,0,0,0,0
1787566105.1276298,4787.387,39.82,87,4493,1284.2,2174,805.2,1300,1300,none,0,0,0,0
1787566105.3789012,4787.638,40.29,85,4500,2480.5,2946,892.4,1300,1300,none,0,0,0,0
1787566105.6303542,4787.889,39.55,88,4500,2142.4,1506,538.2,1300,1300,none,0,0,0,0
1787566105.8817077,4788.141,39.65,85,4500,1336.0,1495,663.2,1300,1300,none,0,0,0,0
1787566106.1329103,4788.392,39.34,88,4500,1240.5,1862,582.8,1300,1300,none,0,0,0,0
1787566106.3844628,4788.643,40.29,87,4468,1312.8,3060,1040.8,1300,1300,none,0,0,0,0
1787566106.6358926,4788.895,38.29,87,4500,1563.4,400,399.8,1300,1300,none,0,0,0,0
1787566106.8872707,4789.146,39.36,92,4467,1731.8,2503,869.1,1300,1300,none,0,0,0,0
1787566107.1387496,4789.398,40.88,88,4500,1237.5,1828,578.5,1300,1300,none,0,0,0,0
1787566107.3900907,4789.649,40.34,87,4468,2118.1,1883,593.5,1300,1300,none,0,0,0,0
1787566107.6413696,4789.901,40.04,88,4350,1993.2,2714,689.2,1300,1300,none,0,0,0,0
1787566107.8926141,4790.152,40.49,85,4500,1383.5,400,399.9,1300,1300,none,0,0,0,0
1787566108.1439059,4790.403,39.78,89,4422,1450.9,947,468.4,1300,1300,none,0,0,0,0
1787566108.3952343,4790.654,39.37,87,4500,1549.6,494,411.8,1300,1300,none,0,0,0,0
1787566108.6466298,4790.906,39.17,87,4439,1266.2,658,432.2,1300,1300,none,0,0,0,0
1787566108.898076,4791.157,39.47,89,4303,1345.9,3300,1129.9,1300,1300,none,0,0,0,0
1787566109.1494794,4791.409,39.06,88,4499,1841.0,2613,964.5,1300,1300,none,0,0,0,0
1787566109.4006174,4791.66,39.2,88,4463,1664.1,1161,495.1,1300,1300,none,0,0,0,0
1787566109.6518705,4791.911,38.88,89,4500,1274.6,3297,940.2,1300,1300,none,0,0,0,0
1787566109.9033372,4792.162,38.62,85,4503,2118.8,3300,1294.4,1300,1300,none,0,0,0,0
1787566110.1546628,4792.414,38.65,87,4500,1528.1,2456,688.1,1300,1300,none,0,0,0,0
1787566110.405676,4792.665,38.8,81,4500,1666.4,2538,667.2,1200,1300,none,0,0,0,0
1787566110.6568775,4792.916,38.99,87,4500,1130.2,1741,567.6,1300,1300,none,0,0,0,0
1787566110.9081185,4793.167,39.69,89,4500,1906.1,2666,884.1,1300,1300,none,0,0,0,0
1787566111.159571,4793.419,38.95,87,4390,1625.4,523,415.4,1300,1300,none,0,0,0,0
1787566111.4109788,4793.67,39.4,88,4432,2076.5,1963,762.0,1300,1300,none,0,0,0,0
1787566111.6622381,4793.922,39.09,88,4500,1632.5,3298,1074.4,1300,1300,none,0,0,0,0
1787566111.9135172,4794.173,39.4,89,4500,1771.4,400,400.0,1300,1300,none,0,0,0,0
1787566112.1647434,4794.424,38.1,88,4499,1270.5,1530,640.0,1300,1300,none,0,0,0,0
1787566112.415659,4794.675,41.0,89,4351,2124.9,2865,855.9,1300,1300,none,0,0,0,0
1787566112.6668608,4794.926,38.12,85,4500,1019.9,1437,529.6,1300,1300,none,0,0,0,0
1787566112.9181828,4795.177,39.83,87,4469,2270.6,2623,1140.8,1300,1300,none,0,0,0,0
1787566113.169673,4795.429,39.91,87,4487,1342.4,2741,808.0,1300,1300,none,0,0,0,0
1787566113.4211998,4795.68,39.42,87,4470,1389.2,3303,1125.4,1300,1300,none,0,0,0,0
1787566113.672451,4795.932,39.59,88,4500,2194.6,1269,508.6,1300,1300,none,0,0,0,0
1787566113.9238634,4796.183,40.38,88,4500,1023.0,3300,1168.9,1300,1300,none,0,0,0,0
1787566114.1751904,4796.434,39.06,88,4284,1415.0,1475,534.4,1300,1300,none,0,0,0,0
1787566114.4263601,4796.686,39.89,92,4500,2732.8,3279,965.9,1300,1300,none,0,0,0,0
1787566114.677561,4796.937,39.17,87,4500,1086.1,2759,703.1,1300,1300,none,0,0,0,0
1787566114.928852,4797.188,41.11,89,4500,2724.8,3299,770.6,1300,1300,none,0,0,0,0
1787566115.1802323,4797.439,40.6,89,4500,2227.2,1617,552.1,1300,1300,none,0,0,0,0
1787566115.4314644,4797.691,40.66,88,4500,1288.5,1627,553.4,1300,1300,none,0,0,0,0
1787566115.6826158,4797.942,39.06,89,4457,1199.6,3299,1123.1,1300,1300,none,0,0,0,0
1787566115.9338152,4798.193,39.25,88,4500,3826.4,3306,2381.1,1300,1300,none,0,0,0,0
1787566116.1850562,4798.444,38.12,88,4500,2209.6,400,399.9,1300,1300,none,0,0,0,0
1787566116.4364202,4798.696,39.82,88,4499,2409.1,705,438.1,1300,1300,none,0,0,0,0
1787566116.6875684,4798.947,38.4,85,4500,1483.6,400,400.0,1300,1300,none,0,0,0,0
1787566116.9390037,4799.198,39.4,88,4500,1441.0,3292,908.4,1300,1300,none,0,0,0,0
1787566117.1903844,4799.449,39.5,88,4402,1690.5,422,402.8,1300,1300,none,0,0,0,0
1787566117.441743,4799.701,39.06,83,4356,3896.0,3047,2649.6,1300,1300,none,0,0,0,0
1787566117.6931343,4799.952,39.59,94,4215,1531.6,1862,582.8,1300,1300,none,0,0,0,0
1787566117.9445484,4800.204,40.19,89,4480,1436.6,738,442.2,1300,1300,none,0,0,0,0
1787566118.195895,4800.455,39.3,85,4500,1675.2,2936,833.1,1300,1300,none,0,0,0,0
1787566118.4471555,4800.706,38.54,79,4499,1781.9,695,436.9,1300,1300,none,0,0,0,0
1787566118.6984801,4800.958,39.36,85,4404,1660.9,1683,560.4,1300,1300,none,0,0,0,0
1787566118.9497237,4801.209,41.19,91,4429,1523.2,1688,672.5,1300,1300,none,0,0,0,0
1787566119.2011895,4801.46,39.95,88,4440,1856.2,2623,683.5,1300,1300,none,0,0,0,0
1787566119.4525251,4801.712,39.51,85,4500,1974.4,1635,554.4,1300,1300,none,0,0,0,0
1787566119.7037086,4801.963,39.47,89,4500,1188.1,3305,920.9,1300,1300,none,0,0,0,0
1787566119.9550977,4802.214,39.45,87,4467,1362.5,2398,797.6,1300,1300,none,0,0,0,0
1787566120.2064433,4802.466,39.56,87,4427,1923.0,2398,852.5,1300,1300,none,0,0,0,0
1787566120.45766,4802.717,39.06,91,4499,2033.5,3306,1378.6,1300,1300,none,0,0,0,0
1787566120.709074,4802.968,39.48,87,4466,1590.2,488,411.0,1300,1300,none,0,0,0,0
1787566120.9604714,4803.22,39.62,88,4458,1685.4,1349,518.5,1300,1300,none,0,0,0,0
1787566121.2120414,4803.471,38.69,88,4474,1837.9,596,445.0,1300,1300,none,0,0,0,0
1787566121.4633322,4803.723,40.2,87,4456,1776.9,1315,514.4,1300,1300,none,0,0,0,0
1787566121.7145889,4803.974,39.73,92,4423,1797.4,1483,698.4,1300,1300,none,0,0,0,0
1787566121.9658947,4804.225,41.19,89,4330,1378.0,400,400.0,1300,1300,none,0,0,0,0
1787566122.2171671,4804.476,39.05,88,4467,1735.6,2298,654.6,1300,1300,none,0,0,0,0
1787566122.4680638,4804.728,41.08,85,4282,1986.2,1037,547.9,1300,1300,none,0,0,0,0
1787566122.7193,4804.979,41.01,89,4340,2713.1,2729,2034.6,1300,1300,none,0,0,0,0
1787566122.970568,4805.23,40.76,91,4485,1077.9,3312,1208.6,1300,1300,none,0,0,0,0
1787566123.2220623,4805.481,39.57,87,4416,1475.8,3307,794.6,1300,1300,none,0,0,0,0
1787566123.4734619,4805.733,40.78,88,4450,1558.2,400,400.0,1300,1300,none,0,0,0,0
1787566123.724912,4805.984,39.14,88,4500,1703.8,2652,904.9,1300,1300,none,0,0,0,0
1787566123.9761841,4806.235,39.04,87,4500,1678.5,1457,656.4,1300,1300,none,0,0,0,0
1787566124.2275357,4806.487,39.42,89,4436,967.5,3305,835.1,1300,1300,none,0,0,0,0
1787566124.4790704,4806.738,40.06,85,4500,2625.8,3299,1123.8,1300,1300,none,0,0,0,0
1787566124.7304275,4806.99,39.51,89,4455,1301.9,400,400.0,1300,1300,none,0,0,0,0
1787566124.9818208,4807.241,42.07,96,4500,1798.2,1182,589.5,1300,1300,none,0,0,0,0
1787566125.2332656,4807.492,40.75,89,4504,2113.6,2255,1059.9,1300,1300,none,0,0,0,0
1787566125.4844766,4807.744,40.32,85,4499,1833.8,671,433.9,1300,1300,none,0,0,0,0
1787566125.7360008,4807.995,39.11,89,4506,2179.2,2135,622.8,1300,1300,none,0,0,0,0
1787566125.9874978,4808.246,39.95,90,4500,1791.6,464,408.0,1300,1300,none,0,0,0,0
1787566126.23893,4808.498,39.33,94,4499,1818.2,3292,1116.5,1300,1300,none,0,0,0,0
1787566126.490451,4808.749,39.19,88,4468,1800.6,400,399.9,1300,1300,none,0,0,0,0
1787566126.7417676,4809.001,38.22,87,4456,1525.8,1710,563.8,1300,1300,none,0,0,0,0
1787566126.9931238,4809.252,39.33,91,4420,1643.2,3295,1114.8,1300,1300,none,0,0,0,0
1787566127.244378,4809.504,38.82,87,4500,1303.8,2944,1101.9,1300,1300,none,0,0,0,0
1787566127.495626,4809.755,38.8,88,4500,1678.6,2736,966.5,1300,1300,none,0,0,0,0
1787566127.748541,4810.006,39.57,89,4500,2420.8,2916,1017.6,1300,1300,none,0,0,0,0
1787566128.0004933,4810.259,40.71,89,4500,912.5,3058,1041.2,1300,1300,none,0,0,0,0
1787566128.2517512,4810.511,39.31,88,4500,1316.8,2190,931.4,1300,1300,none,0,0,0,0
1787566128.503112,4810.762,40.0,88,4499,2169.1,400,400.0,1300,1300,none,0,0,0,0
1787566128.7557533,4811.014,39.06,89,4001,3825.0,3027,2964.9,1300,1300,none,0,0,0,0
1787566129.00745,4811.266,40.66,89,4500,2173.4,3323,1488.2,1300,1300,none,0,0,0,0
1787566129.258674,4811.518,38.75,87,4500,1580.6,1397,524.6,1300,1300,none,0,0,0,0
1787566129.5099218,4811.769,44.62,95,3400,1900.0,2811,1280.9,1300,1300,none,0,0,0,0
1787566129.7626493,4812.022,41.54,94,3834,3816.6,2939,2917.1,1300,1300,none,0,0,0,0
1787566130.0140932,4812.273,39.23,92,4500,2151.1,2725,1030.4,1300,1300,none,0,0,0,0
1787566130.265349,4812.525,38.27,90,4305,1814.6,2448,656.0,1300,1300,none,0,0,0,0
1787566130.5163257,4812.776,40.73,88,4499,2805.5,3002,1135.2,1300,1300,none,0,0,0,0
1787566130.7678013,4813.027,40.71,85,4384,2355.6,3299,839.9,1300,1300,none,0,0,0,0
1787566131.019044,4813.278,40.42,92,4263,1484.9,1756,618.1,1300,1300,none,0,0,0,0
1787566131.2705154,4813.53,40.78,90,4459,1717.0,400,400.0,1300,1300,none,0,0,0,0
1787566131.5219896,4813.781,40.68,90,4418,2044.2,1449,632.1,1300,1300,none,0,0,0,0
1787566131.773488,4814.032,40.09,91,4200,2021.0,3302,942.6,1300,1300,none,0,0,0,0
1787566132.0247116,4814.284,39.97,90,4500,1402.6,1664,558.0,1300,1300,none,0,0,0,0
1787566132.276054,4814.535,38.62,91,4410,1999.5,400,399.9,1300,1300,none,0,0,0,0
1787566132.5275404,4814.787,40.21,91,4500,2437.5,2280,693.0,1300,1300,none,0,0,0,0
1787566132.7788887,4815.038,39.61,90,4500,2456.6,3037,999.2,1300,1300,none,0,0,0,0
1787566133.0302627,4815.289,39.37,92,4389,1651.1,3292,761.6,1300,1300,none,0,0,0,0
1787566133.2818139,4815.541,38.62,91,4500,2076.0,1901,594.4,1300,1300,none,0,0,0,0
1787566133.533163,4815.792,41.18,91,4500,2533.5,2150,618.8,1300,1300,none,0,0,0,0
1787566133.7845814,4816.044,39.55,94,4500,3320.8,3294,2974.6,1300,1300,none,0,0,0,0
1787566134.0363505,4816.295,38.82,91,4499,1364.6,400,399.9,1300,1300,none,0,0,0,0
1787566134.287949,4816.547,39.62,92,4499,1611.2,3299,763.0,1300,1300,none,0,0,0,0
1787566134.5391216,4816.798,39.55,87,4500,3005.1,3305,1986.1,1300,1300,none,0,0,0,0
1787566134.790431,4817.05,39.67,88,4500,3788.6,3206,2605.1,1300,1300,none,0,0,0,0
1787566135.041664,4817.301,39.22,88,4500,1438.8,400,399.9,1300,1300,none,0,0,0,0
1787566135.2931612,4817.552,39.42,84,4500,2050.1,3300,1123.6,1300,1300,none,0,0,0,0
1787566135.5458422,4817.804,38.87,91,4476,2544.4,3300,762.4,1300,1300,none,0,0,0,0
1787566135.7977738,4818.056,39.05,92,4075,3687.2,3115,2550.1,1300,1300,none,0,0,0,0
1787566136.0493004,4818.308,39.62,92,4491,1804.0,1171,526.5,1300,1300,none,0,0,0,0
1787566136.3006089,4818.56,39.73,91,4500,2055.9,1531,541.4,1300,1300,none,0,0,0,0
1787566136.5519657,4818.811,38.46,95,4369,2192.9,3258,1014.2,1250,1300,pl1,1,0,0,0
1787566136.8030899,4819.062,36.08,91,4206,3536.5,3303,3086.5,1100,1300,pl1,1,0,0,0
1787566137.0551584,4819.314,33.5,89,4500,1483.9,3299,1180.0,1200,1300,pl1,1,0,0,0
1787566137.3074677,4819.566,34.86,85,4500,1621.1,2783,1081.0,1150,1300,pl1,1,0,0,0
1787566137.5589883,4819.818,34.73,87,4454,2062.9,2007,951.5,1150,1300,pl1,1,0,0,0
1787566137.8101938,4820.069,34.48,89,4500,3106.8,3300,821.6,1150,1300,pl1,1,0,0,0
1787566138.0613286,4820.321,34.02,88,4499,1918.0,2924,846.6,1200,1300,pl1,1,0,0,0
1787566138.3127058,4820.572,34.74,83,3863,3568.5,3313,2876.2,1200,1300,pl1,1,0,0,0
1787566138.563864,4820.823,34.42,87,4446,1370.2,3242,1334.8,1200,1300,pl1,1,0,0,0
1787566138.8151226,4821.074,35.15,89,4398,2779.6,2607,1004.6,1150,1300,pl1,1,0,0,0
1787566139.0662723,4821.326,33.97,89,4500,2096.2,3292,975.0,1200,1300,pl1,1,0,0,0
1787566139.3174403,4821.577,34.34,87,4500,1938.0,789,448.6,1250,1300,pl1,1,0,0,0
1787566139.5692987,4821.828,35.18,87,4500,2332.6,3299,1203.2,1200,1300,pl1,1,0,0,0
1787566139.821592,4822.08,35.03,83,4500,1807.0,3299,974.4,1150,1300,pl1,1,0,0,0
1787566140.0734794,4822.332,34.35,88,4500,1338.5,2756,832.4,1150,1300,pl1,1,0,0,0
1787566140.3254101,4822.584,34.34,87,4500,1454.8,3304,1850.2,1200,1300,pl1,1,0,0,0
1787566140.5769994,4822.836,35.34,81,4396,2578.9,2727,1150.9,1200,1300,pl1,1,0,0,0
1787566140.8281455,4823.087,35.25,85,4500,2528.8,3299,791.0,1150,1300,pl1,1,0,0,0
1787566141.0794857,4823.339,33.7,85,4500,2078.0,2347,643.4,1200,1300,pl1,1,0,0,0
1787566141.3306155,4823.59,35.23,88,4500,1634.6,1807,755.4,1150,1300,pl1,1,0,0,0
1787566141.581824,4823.841,34.9,91,4500,1689.9,3286,836.1,1150,1300,pl1,1,0,0,0
1787566141.8328996,4824.092,35.05,81,4500,1673.1,2518,1022.0,1150,1300,pl1,1,0,0,0
1787566142.0839992,4824.343,33.96,87,4500,1697.1,400,399.9,1200,1300,pl1,1,0,0,0
1787566142.3352602,4824.595,34.73,85,4500,1809.8,2396,1057.4,1200,1300,pl1,1,0,0,0
1787566142.5863829,4824.846,35.25,87,4500,1861.2,2557,799.9,1150,1300,pl1,1,0,0,0
1787566142.8377964,4825.097,35.04,89,4500,3877.2,3299,3010.2,1150,1300,pl1,1,0,0,0
1787566143.0891411,4825.348,33.76,88,4500,1425.0,1399,524.9,1200,1300,pl1,1,0,0,0
1787566143.3405087,4825.6,34.91,87,4499,1424.8,400,400.0,1200,1300,pl1,1,0,0,0
1787566143.591921,4825.851,34.68,89,4452,1911.4,3289,1048.9,1200,1300,pl1,1,0,0,0
1787566143.8432858,4826.102,35.84,88,4500,3653.4,3079,2576.4,1150,1300,pl1,1,0,0,0
1787566144.0946393,4826.354,34.2,91,4499,1815.9,2632,678.9,1200,1300,pl1,1,0,0,0
1787566144.3467314,4826.605,35.0,88,4500,1549.5,2586,758.6,1150,1300,pl1,1,0,0,0
1787566144.5985806,4826.857,34.39,93,4500,1720.4,3299,762.4,1200,1300,pl1,1,0,0,0
1787566144.8494775,4827.109,34.97,83,4500,2344.1,3300,1128.2,1150,1300,pl1,1,0,0,0
1787566145.100841,4827.36,34.57,85,4430,1351.6,400,400.0,1200,1300,pl1,1,0,0,0
1787566145.352223,4827.611,35.78,88,4373,1745.0,3320,765.0,1150,1300,pl1,1,0,0,0
1787566145.6035013,4827.863,33.87,84,4470,1257.0,3145,1012.9,1200,1300,pl1,1,0,0,0
1787566145.8548927,4828.114,35.22,87,4500,1303.5,484,410.5,1150,1300,pl1,1,0,0,0
1787566146.1062105,4828.365,34.54,90,4399,1456.4,400,400.0,1200,1300,pl1,1,0,0,0
1787566146.3575811,4828.617,34.7,88,4482,1381.1,400,400.0,1200,1300,pl1,1,0,0,0
1787566146.6089628,4828.868,34.78,89,4355,894.4,3298,762.2,1200,1300,pl1,1,0,0,0
1787566146.86035,4829.119,35.61,83,4423,1545.0,2952,725.1,1150,1300,pl1,1,0,0,0
1787566147.111506,4829.371,34.25,85,4410,1422.5,2143,755.6,1200,1300,pl1,1,0,0,0
1787566147.3628478,4829.622,34.49,87,4500,962.8,2106,898.8,1200,1300,pl1,1,0,0,0
1787566147.6142116,4829.873,35.41,85,4466,1441.8,1750,568.8,1200,1300,pl1,1,0,0,0
1787566147.8655148,4830.125,35.54,89,4479,2466.6,400,400.0,1150,1300,pl1,1,0,0,0
1787566148.1165903,4830.376,34.23,84,4500,1653.8,486,410.8,1150,1300,pl1,1,0,0,0
1787566148.3678916,4830.627,34.63,85,4499,1304.2,407,400.9,1200,1300,pl1,1,0,0,0
1787566148.6189728,4830.878,34.89,87,4424,1453.9,1354,623.4,1200,1300,pl1,1,0,0,0
1787566148.87012,4831.129,35.53,85,4500,2114.8,1751,568.9,1150,1300,pl1,1,0,0,0
1787566149.1212378,4831.381,34.03,87,4456,1347.0,2268,633.5,1250,1300,pl1,1,0,0,0
1787566149.3727772,4831.632,34.99,84,4500,1443.2,541,417.6,1200,1300,pl1,1,0,0,0
1787566149.6241488,4831.883,34.77,85,4466,1457.9,2636,679.5,1200,1300,pl1,1,0,0,0
1787566149.8754935,4832.135,35.9,85,4473,1758.9,2378,902.4,1150,1300,pl1,1,0,0,0
1787566150.1266458,4832.386,34.15,87,4409,1953.4,400,400.0,1200,1300,pl1,1,0,0,0
1787566150.3779974,4832.637,34.99,89,4392,1608.2,741,442.6,1150,1300,pl1,1,0,0,0
1787566150.6294749,4832.889,34.83,87,4439,1653.0,400,399.8,1200,1300,pl1,1,0,0,0
1787566150.8808322,4833.14,36.07,89,4500,1596.5,3315,814.4,1100,1300,pl1,1,0,0,0
1787566151.1318893,4833.391,33.49,88,4343,1663.2,2538,1023.5,1200,1300,pl1,1,0,0,0
1787566151.3832405,4833.642,35.52,88,4474,1465.5,3070,1237.4,1150,1300,pl1,1,0,0,0
1787566151.634527,4833.894,34.4,89,4426,1205.1,2307,713.2,1200,1300,pl1,1,0,0,0
1787566151.8867495,4834.145,35.46,87,4500,1671.5,2946,1141.4,1150,1300,pl1,1,0,0,0
1787566152.1386595,4834.397,34.55,88,4500,1419.2,3199,789.8,1200,1300,pl1,1,0,0,0
1787566152.3904114,4834.649,34.38,91,4500,2088.0,3321,1491.4,1250,1300,pl1,1,0,0,0
1787566152.641499,4834.901,35.47,90,4499,1276.1,400,400.0,1200,1300,pl1,1,0,0,0
1787566152.8927698,4835.152,35.47,85,4499,1699.6,2499,726.9,1150,1300,pl1,1,0,0,0
1787566153.1441772,4835.403,34.2,85,4436,1358.5,3304,1297.6,1200,1300,pl1,1,0,0,0
1787566153.3953314,4835.655,34.89,84,4500,1725.8,400,399.9,1250,1300,pl1,1,0,0,0
1787566153.6465666,4835.906,35.2,88,4422,2580.8,1027,480.2,1200,1300,pl1,1,0,0,0
1787566153.897883,4836.157,35.66,85,4500,1220.6,400,400.0,1150,1300,pl1,1,0,0,0
1787566154.1491132,4836.408,33.96,85,4368,1269.8,2480,901.6,1200,1300,pl1,1,0,0,0
1787566154.40047,4836.66,35.14,84,4500,1870.1,464,408.0,1200,1300,pl1,1,0,0,0
1787566154.6516974,4836.911,34.89,84,4500,1464.9,1849,596.5,1200,1300,pl1,1,0,0,0
1787566154.9029582,4837.162,35.16,90,4473,1986.8,2473,659.1,1200,1300,pl1,1,0,0,0
1787566155.1543117,4837.413,34.87,88,4500,2285.9,400,400.0,1200,1300,pl1,1,0,0,0
1787566155.4055426,4837.665,34.9,85,4416,1609.8,1077,484.6,1200,1300,pl1,1,0,0,0
1787566155.6568885,4837.916,34.91,84,4442,1409.8,1213,501.6,1200,1300,pl1,1,0,0,0
1787566155.908283,4838.167,35.75,85,4471,1818.2,3024,823.9,1150,1300,pl1,1,0,0,0
1787566156.159677,4838.419,34.3,87,4355,1704.6,400,400.0,1200,1300,pl1,1,0,0,0
1787566156.4108267,4838.67,34.68,88,4500,1021.0,400,400.0,1200,1300,pl1,1,0,0,0
1787566156.6619482,4838.921,35.03,90,4500,1448.4,942,467.6,1200,1300,pl1,1,0,0,0
1787566156.9130368,4839.172,35.68,88,4500,1425.0,400,400.0,1150,1300,pl1,1,0,0,0
1787566157.16434,4839.424,34.58,88,4205,1953.6,1821,577.6,1200,1300,pl1,1,0,0,0
1787566157.415305,4839.675,34.31,87,4232,1597.2,2251,641.2,1200,1300,pl1,1,0,0,0
1787566157.6664133,4839.926,35.28,88,4500,2427.9,1557,594.1,1200,1300,pl1,1,0,0,0
1787566157.9175768,4840.177,35.79,87,4506,2013.0,3286,879.6,1150,1300,pl1,1,0,0,0
1787566158.168919,4840.428,34.96,85,4500,3754.0,3072,2137.8,1150,1300,pl1,1,0,0,0
1787566158.4202218,4840.679,34.07,85,4500,1469.4,1378,522.2,1200,1300,pl1,1,0,0,0
1787566158.6715326,4840.931,36.39,88,3886,3804.2,2996,2912.1,1150,1300,pl1,1,0,0,0
1787566158.9225006,4841.182,34.51,87,4500,1437.6,510,413.8,1150,1300,pl1,1,0,0,0
1787566159.1737387,4841.433,34.52,90,4500,1882.9,2145,777.4,1200,1300,pl1,1,0,0,0
1787566159.4248602,4841.684,34.81,90,4500,1169.4,2719,749.8,1200,1300,pl1,1,0,0,0
1787566159.676009,4841.935,34.9,88,4500,1935.2,1647,555.9,1200,1300,pl1,1,0,0,0
1787566159.927214,4842.186,35.41,90,4500,1372.9,2654,681.8,1150,1300,pl1,1,0,0,0
1787566160.1783812,4842.438,34.53,88,4500,2062.8,2304,734.2,1200,1300,pl1,1,0,0,0
1787566160.429559,4842.689,35.72,87,4500,1170.0,400,400.0,1150,1300,pl1,1,0,0,0
1787566160.6807709,4842.94,34.26,92,4500,2168.0,3299,1261.8,1200,1300,pl1,1,0,0,0
1787566160.9319448,4843.191,35.47,87,4448,1124.0,400,400.0,1150,1300,pl1,1,0,0,0
1787566161.1830337,4843.442,34.8,90,4390,1936.6,3299,905.2,1250,1300,pl1,1,0,0,0
1787566161.4342952,4843.693,37.65,88,4500,1398.6,400,400.0,1300,1300,none,0,0,0,0
1787566161.6855123,4843.945,39.55,88,4500,2053.4,1715,667.0,1300,1300,none,0,0,0,0
1787566161.9367316,4844.196,40.25,95,4500,2019.8,3306,1409.4,1300,1300,none,0,0,0,0
1787566162.1880143,4844.447,39.08,84,4500,1613.5,3300,1378.8,1300,1300,none,0,0,0,0
1787566162.439193,4844.699,38.52,85,4499,1710.0,2031,603.9,1300,1300,none,0,0,0,0
1787566162.6907978,4844.95,38.72,89,4500,2178.8,3300,984.9,1300,1300,none,0,0,0,0
1787566162.9421961,4845.201,40.03,88,4500,1746.1,400,400.0,1300,1300,none,0,0,0,0
1787566163.19359,4845.453,39.35,88,4499,1899.8,400,400.0,1300,1300,none,0,0,0,0
1787566163.4450374,4845.704,39.47,88,4500,1366.4,1006,475.8,1300,1300,none,0,0,0,0
1787566163.696473,4845.956,41.25,89,4340,1438.2,3300,1239.0,1300,1300,none,0,0,0,0
1787566163.9477491,4846.207,41.42,89,4500,1503.4,3304,1099.6,1300,1300,none,0,0,0,0
1787566164.1987982,4846.458,39.28,87,4426,3535.2,2900,2221.6,1300,1300,none,0,0,0,0
1787566164.4499822,4846.709,38.92,85,4200,1982.9,400,400.0,1300,1300,none,0,0,0,0
1787566164.7008712,4846.96,40.61,81,4324,3577.4,3299,2891.0,1300,1300,none,0,0,0,0
1787566164.9520748,4847.211,39.87,84,4500,1443.1,647,430.9,1300,1300,none,0,0,0,0
1787566165.2032764,4847.463,38.91,87,4500,2230.0,3300,1158.4,1300,1300,none,0,0,0,0
1787566165.4546547,4847.714,40.75,88,4406,1695.1,400,400.0,1300,1300,none,0,0,0,0
1787566165.705881,4847.965,39.37,87,4453,3039.8,3299,3055.5,1300,1300,none,0,0,0,0
1787566165.9570706,4848.216,39.82,93,4398,1942.5,2207,701.5,1300,1300,none,0,0,0,0
1787566166.2082832,4848.468,40.06,85,4205,1812.6,2230,628.8,1300,1300,none,0,0,0,0
1787566166.4593992,4848.719,38.52,85,4443,1278.1,1112,489.0,1300,1300,none,0,0,0,0
1787566166.7106516,4848.97,37.9,83,4451,1500.1,3300,1696.2,1300,1300,none,0,0,0,0
1787566166.961833,4849.221,40.18,85,4500,952.8,1258,507.1,1300,1300,none,0,0,0,0
1787566167.2128856,4849.472,38.5,88,4452,1624.2,3299,962.5,1300,1300,none,0,0,0,0
1787566167.4643168,4849.723,37.57,85,4500,1791.5,2001,663.0,1300,1300,none,0,0,0,0
1787566167.7155368,4849.975,38.02,90,4463,2152.0,1465,533.1,1300,1300,none,0,0,0,0
1787566167.9670138,4850.226,39.56,88,4499,1702.9,1291,511.4,1300,1300,none,0,0,0,0
1787566168.2191439,4850.477,38.13,88,4508,2294.1,3044,892.4,1300,1300,none,0,0,0,0
1787566168.470506,4850.73,36.74,85,4500,1398.5,1590,548.8,1250,1300,pl1,1,0,0,0
1787566168.721733,4850.981,36.38,88,4500,1931.5,3299,1048.6,1250,1300,pl1,1,0,0,0
1787566168.9729426,4851.232,36.79,87,4500,2138.2,646,444.8,1200,1300,pl1,1,0,0,0
1787566169.224139,4851.483,35.65,88,4500,2383.8,2431,840.2,1250,1300,pl1,1,0,0,0
1787566169.4753718,4851.735,35.86,87,4500,2024.4,3298,1123.9,1300,1300,none,0,0,0,0
1787566169.7265544,4851.986,36.43,87,4499,1176.0,3299,1338.5,1250,1300,pl1,1,0,0,0
1787566169.9779644,4852.237,37.17,88,4199,1287.0,2544,796.9,1200,1300,pl1,1,0,0,0
1787566170.2292738,4852.488,35.78,90,4404,2144.8,3199,1192.9,1200,1300,pl1,1,0,0,0
1787566170.480647,4852.74,35.79,90,4497,1470.0,2515,788.8,1250,1300,pl1,1,0,0,0
1787566170.732064,4852.991,36.38,92,4410,1350.4,3299,1466.6,1250,1300,pl1,1,0,0,0
1787566170.9834878,4853.243,36.84,88,4467,1598.6,3298,949.9,1200,1300,pl1,1,0,0,0
1787566171.2347064,4853.494,36.09,90,4485,2949.2,2963,2601.0,1200,1300,pl1,1,0,0,0
1787566171.485861,4853.745,34.26,90,4500,1605.8,2516,1000.0,1200,1300,pl1,1,0,0,0
1787566171.7372255,4853.996,35.79,88,4470,3434.6,3284,2314.0,1150,1300,pl1,1,0,0,0
1787566171.9885712,4854.248,35.1,92,4478,1144.4,3290,761.1,1150,1300,pl1,1,0,0,0
1787566172.2399921,4854.499,34.22,88,4425,1405.5,1412,581.2,1200,1300,pl1,1,0,0,0
1787566172.4912682,4854.751,34.98,88,4456,1303.0,1986,598.2,1200,1300,pl1,1,0,0,0
1787566172.7424011,4855.002,34.59,87,4500,2204.2,2501,814.5,1250,1300,pl1,1,0,0,0
1787566172.993769,4855.253,35.96,89,4500,1422.6,400,400.0,1150,1300,pl1,1,0,0,0
1787566173.245253,4855.504,34.42,92,4474,2250.8,2960,1273.4,1200,1300,pl1,1,0,0,0
1787566173.4969492,4855.756,35.11,88,4500,1534.8,2900,776.9,1150,1300,pl1,1,0,0,0
1787566173.7484367,4856.007,34.94,89,4500,1519.4,2182,791.1,1200,1300,pl1,1,0,0,0
1787566173.9996579,4856.259,34.86,88,4500,1198.8,3308,1542.8,1150,1300,pl1,1,0,0,0
1787566174.2509387,4856.51,34.76,90,4437,1832.6,406,400.8,1200,1300,pl1,1,0,0,0
1787566174.5022821,4856.761,34.61,90,4467,1735.4,3303,779.2,1200,1300,pl1,1,0,0,0
1787566174.7535558,4857.013,35.43,87,4418,1835.8,816,452.0,1200,1300,pl1,1,0,0,0
1787566175.0049667,4857.264,35.43,84,4467,1391.0,782,465.5,1150,1300,pl1,1,0,0,0
1787566175.2563334,4857.516,34.35,89,4472,1338.1,3298,986.2,1200,1300,pl1,1,0,0,0
1787566175.507675,4857.767,34.81,88,4499,1460.0,2078,659.1,1200,1300,pl1,1,0,0,0
1787566175.7590466,4858.018,35.56,88,4470,2177.6,2802,827.2,1200,1300,pl1,1,0,0,0
1787566176.0103662,4858.27,35.4,84,4499,2589.8,1576,547.0,1150,1300,pl1,1,0,0,0
1787566176.2615552,4858.521,34.81,85,4500,1785.9,1710,563.8,1200,1300,pl1,1,0,0,0
1787566176.5127428,4858.772,34.1,89,4500,1344.5,3300,828.9,1250,1300,pl1,1,0,0,0
1787566176.7639525,4859.023,35.54,84,4500,2359.6,2879,846.1,1200,1300,pl1,1,0,0,0
1787566177.0151746,4859.274,35.27,87,4500,1905.2,1916,761.8,1150,1300,pl1,1,0,0,0
1787566177.2664528,4859.526,35.0,84,4500,2025.0,3098,748.9,1200,1300,pl1,1,0,0,0
1787566177.5177245,4859.777,34.4,84,4458,1166.6,635,429.4,1250,1300,pl1,1,0,0,0
1787566177.7689476,4860.028,35.33,85,4500,1346.0,3280,1383.2,1200,1300,pl1,1,0,0,0
1787566178.0202422,4860.279,35.53,87,4500,2216.6,1550,670.8,1150,1300,pl1,1,0,0,0
1787566178.2714844,4860.531,34.19,87,4499,2134.6,1171,496.4,1250,1300,pl1,1,0,0,0
1787566178.5227144,4860.782,34.66,85,4500,1610.4,3217,964.1,1250,1300,pl1,1,0,0,0
1787566178.7741306,4861.033,35.25,85,4500,2268.6,1920,626.4,1250,1300,pl1,1,0,0,0
1787566179.0254104,4861.285,35.72,88,4454,1227.2,2605,764.0,1150,1300,pl1,1,0,0,0
1787566179.2768948,4861.536,34.5,87,4500,1257.2,2986,777.6,1200,1300,pl1,1,0,0,0
1787566179.5283213,4861.787,34.96,88,4466,1888.0,2584,976.9,1200,1300,pl1,1,0,0,0
1787566179.779735,4862.039,35.19,91,4420,2890.4,3299,1208.0,1200,1300,pl1,1,0,0,0
1787566180.0310752,4862.29,35.83,88,4483,1405.4,1224,529.0,1100,1300,pl1,1,0,0,0
1787566180.2824137,4862.542,33.83,88,4470,1553.0,3283,1033.8,1200,1300,pl1,1,0,0,0
1787566180.5336673,4862.793,34.89,85,4500,1271.4,2872,1106.8,1200,1300,pl1,1,0,0,0
1787566180.7849784,4863.044,35.12,85,4464,1550.1,1030,478.8,1200,1300,pl1,1,0,0,0
1787566181.0369072,4863.296,35.29,88,4391,1879.8,3200,892.5,1150,1300,pl1,1,0,0,0
1787566181.2881725,4863.547,34.87,85,4500,1586.8,690,436.2,1200,1300,pl1,1,0,0,0
1787566181.539375,4863.799,34.75,87,4500,1499.6,3294,1165.4,1250,1300,pl1,1,0,0,0
1787566181.7906473,4864.05,35.42,85,4500,1250.0,2267,888.1,1200,1300,pl1,1,0,0,0
1787566182.041941,4864.301,35.66,85,4500,1500.8,3308,1402.0,1150,1300,pl1,1,0,0,0
1787566182.2929611,4864.552,33.81,91,4500,1574.4,3301,1181.0,1200,1300,pl1,1,0,0,0
1787566182.5441709,4864.803,35.14,87,4499,1376.1,3300,1211.8,1200,1300,pl1,1,0,0,0
1787566182.7958462,4865.055,35.49,85,4500,1289.8,681,435.1,1200,1300,pl1,1,0,0,0
1787566183.0473316,4865.306,35.47,84,4230,2105.1,3300,825.6,1150,1300,pl1,1,0,0,0
1787566183.2986698,4865.558,34.15,85,4500,1443.5,1962,595.2,1200,1300,pl1,1,0,0,0
1787566183.5499754,4865.809,35.03,88,4393,1624.6,3300,1814.4,1200,1300,pl1,1,0,0,0
1787566183.8012645,4866.06,34.86,85,4398,1799.2,401,400.1,1200,1300,pl1,1,0,0,0
1787566184.0535595,4866.313,35.98,85,3835,3808.8,2928,2914.9,1150,1300,pl1,1,0,0,0
1787566184.3049004,4866.564,33.63,85,4500,1673.2,1065,483.1,1200,1300,pl1,1,0,0,0
1787566184.5581973,4866.817,35.31,89,3865,3780.4,3010,2954.9,1250,1300,pl1,1,0,0,0
1787566184.8093824,4867.069,35.06,89,4500,1455.6,1894,745.1,1200,1300,pl1,1,0,0,0
1787566185.060625,4867.32,35.52,84,4500,2486.5,3299,1062.0,1150,1300,pl1,1,0,0,0
1787566185.311906,4867.571,34.22,85,4500,912.5,3300,882.0,1200,1300,pl1,1,0,0,0
1787566185.562988,4867.822,34.61,85,4500,2164.5,2086,652.0,1250,1300,pl1,1,0,0,0
1787566185.8141932,4868.074,35.28,85,4500,2772.2,400,399.9,1250,1300,pl1,1,0,0,0
1787566186.0655477,4868.325,35.55,92,4500,1911.8,3303,1310.0,1150,1300,pl1,1,0,0,0
1787566186.3169286,4868.576,34.62,84,4442,1475.5,2876,829.1,1200,1300,pl1,1,0,0,0
1787566186.5692182,4868.827,35.06,87,4450,2107.9,2972,1271.8,1200,1300,pl1,1,0,0,0
1787566186.8209755,4869.08,34.84,87,4500,1428.4,3302,1237.5,1200,1300,pl1,1,0,0,0
1787566187.0728898,4869.332,35.75,85,4460,1328.0,3300,1323.6,1150,1300,pl1,1,0,0,0
1787566187.324582,4869.583,34.58,87,4500,1725.1,3134,844.9,1150,1300,pl1,1,0,0,0
1787566187.5760815,4869.835,34.41,84,4500,2298.5,1120,512.0,1200,1300,pl1,1,0,0,0
1787566187.8271322,4870.087,36.45,95,4500,1812.4,1035,526.2,1150,1300,pl1,1,0,0,0
1787566188.0780916,4870.338,35.02,85,4456,3125.5,3300,2665.1,1150,1300,pl1,1,0,0,0
1787566188.3294125,4870.589,34.48,85,4464,1718.9,400,400.0,1200,1300,pl1,1,0,0,0
1787566188.5806613,4870.84,35.25,85,4447,2274.2,1888,777.5,1200,1300,pl1,1,0,0,0
1787566188.8318331,4871.091,34.34,88,4500,2954.6,2785,2170.1,1200,1300,pl1,1,0,0,0
1787566189.0830672,4871.342,35.68,85,4479,2296.1,1485,593.2,1200,1300,pl1,1,0,0,0
1787566189.334291,4871.594,34.46,85,4500,1622.2,3309,840.8,1200,1300,pl1,1,0,0,0
1787566189.5855458,4871.845,35.68,85,4503,4023.5,2931,2611.9,1200,1300,pl1,1,0,0,0
1787566189.8367462,4872.096,34.45,85,4500,1684.8,2920,908.8,1250,1300,pl1,1,0,0,0
1787566190.088088,4872.347,35.8,91,4469,2458.6,3280,759.9,1150,1300,pl1,1,0,0,0
1787566190.3395147,4872.599,34.64,88,4471,1314.8,1602,550.2,1200,1300,pl1,1,0,0,0
1787566190.5908825,4872.85,34.76,87,4500,1937.5,2540,698.5,1200,1300,pl1,1,0,0,0
1787566190.8421905,4873.101,34.81,81,4466,1798.0,3294,1295.4,1200,1300,pl1,1,0,0,0
1787566191.0933983,4873.353,35.88,85,4324,2152.4,2008,601.0,1150,1300,pl1,1,0,0,0
1787566191.3446352,4873.604,34.32,85,4451,1379.8,3306,1162.5,1200,1300,pl1,1,0,0,0
1787566191.5961351,4873.855,34.99,84,4475,2103.2,1300,512.5,1200,1300,pl1,1,0,0,0
1787566191.8475187,4874.107,34.81,85,4472,3051.2,3271,2191.0,1200,1300,pl1,1,0,0,0
1787566192.0987127,4874.358,36.3,89,4500,3192.4,2915,2421.1,1150,1300,pl1,1,0,0,0
1787566192.3500354,4874.609,33.94,85,4354,1835.9,2278,634.8,1200,1300,pl1,1,0,0,0
1787566192.601336,4874.861,34.98,84,4429,2080.1,1935,644.1,1200,1300,pl1,1,0,0,0
1787566192.8528163,4875.112,34.71,85,4500,2006.4,925,465.6,1200,1300,pl1,1,0,0,0
1787566193.1041434,4875.363,35.9,85,4499,2890.1,2385,841.0,1150,1300,pl1,1,0,0,0
1787566193.3554487,4875.615,34.57,91,4457,1517.2,3299,967.6,1200,1300,pl1,1,0,0,0
1787566193.6067967,4875.866,35.53,85,4499,3554.2,3300,2722.5,1150,1300,pl1,1,0,0,0
1787566193.8581164,4876.117,34.45,85,4356,1648.1,947,468.4,1200,1300,pl1,1,0,0,0
1787566194.1094377,4876.369,35.2,84,4467,1399.8,1592,583.6,1150,1300,pl1,1,0,0,0
1787566194.3607247,4876.62,34.83,85,4499,1583.8,2086,760.9,1200,1300,pl1,1,0,0,0
1787566194.612039,4876.871,35.26,88,4501,3539.8,3299,2682.9,1200,1300,pl1,1,0,0,0
1787566194.863494,4877.123,34.57,85,4465,1462.8,1213,501.6,1200,1300,pl1,1,0,0,0
1787566195.1148639,4877.374,35.51,85,4500,2679.4,1392,745.6,1150,1300,pl1,1,0,0,0
1787566195.3659213,4877.625,34.24,85,4242,1659.0,1500,684.4,1200,1300,pl1,1,0,0,0
1787566195.6171393,4877.876,35.96,87,4200,3865.9,3300,2453.8,1150,1300,pl1,1,0,0,0
1787566195.8685188,4878.128,34.27,91,4469,1478.5,2267,651.5,1200,1300,pl1,1,0,0,0
1787566196.119842,4878.379,35.55,84,4276,3029.8,3300,1444.6,1150,1300,pl1,1,0,0,0
1787566196.3713307,4878.63,34.54,90,4500,1948.9,2928,1166.4,1200,1300,pl1,1,0,0,0
1787566196.622915,4878.882,34.93,90,4499,1920.9,2159,973.2,1200,1300,pl1,1,0,0,0
1787566196.8740685,4879.133,35.12,81,4500,1921.2,2387,648.4,1200,1300,pl1,1,0,0,0
1787566197.1252468,4879.385,35.74,88,4500,2656.6,3269,918.6,1150,1300,pl1,1,0,0,0
1787566197.376612,4879.636,33.97,84,4496,2615.1,1521,638.0,1250,1300,pl1,1,0,0,0
1787566197.627915,4879.887,35.31,87,4500,1176.5,2893,992.1,1250,1300,pl1,1,0,0,0
1787566197.8792667,4880.138,34.81,92,4471,2067.1,3307,1407.9,1250,1300,pl1,1,0,0,0
1787566198.1304998,4880.39,35.88,85,4500,1812.1,3299,1263.0,1150,1300,pl1,1,0,0,0
1787566198.381727,4880.641,34.2,87,4500,1140.0,1572,555.4,1200,1300,pl1,1,0,0,0
1787566198.6330278,4880.892,35.46,84,4500,1791.5,2330,641.2,1200,1300,pl1,1,0,0,0
1787566198.8842404,4881.144,34.37,84,4500,1645.5,434,404.2,1250,1300,pl1,1,0,0,0
1787566199.1354532,4881.395,35.85,81,4202,2487.2,3106,2906.0,1200,1300,pl1,1,0,0,0
1787566199.3866706,4881.646,35.12,87,4500,1192.6,2206,774.6,1200,1300,pl1,1,0,0,0
1787566199.637971,4881.897,35.32,89,4274,3660.0,2957,1957.1,1150,1300,pl1,1,0,0,0
1787566199.8894215,4882.149,34.23,87,4466,1530.5,2212,646.1,1200,1300,pl1,1,0,0,0
1787566200.1408448,4882.4,35.97,87,4452,1985.6,2030,747.0,1150,1300,pl1,1,0,0,0
1787566200.392256,4882.651,34.07,88,4500,1879.5,3303,1482.9,1200,1300,pl1,1,0,0,0
1787566200.6435661,4882.903,35.1,88,4492,1195.4,2445,655.6,1200,1300,pl1,1,0,0,0
1787566200.8948567,4883.154,35.13,84,4500,1199.1,2280,786.9,1200,1300,pl1,1,0,0,0
1787566201.1462247,4883.405,35.09,84,4500,3043.2,2571,725.5,1200,1300,pl1,1,0,0,0
1787566201.3976543,4883.657,35.18,88,4499,1526.0,2180,811.2,1150,1300,pl1,1,0,0,0
1787566201.6492019,4883.908,34.48,91,4445,1995.8,1973,596.5,1200,1300,pl1,1,0,0,0
1787566201.9007602,4884.16,35.22,85,4484,1149.2,455,406.9,1200,1300,pl1,1,0,0,0
1787566202.1521206,4884.411,34.87,88,4451,1649.1,400,400.0,1200,1300,pl1,1,0,0,0
1787566202.4035885,4884.663,35.13,88,4478,1208.1,1164,495.5,1200,1300,pl1,1,0,0,0
1787566202.655014,4884.914,34.84,90,4468,1745.0,429,403.6,1200,1300,pl1,1,0,0,0
1787566202.9063628,4885.166,34.96,90,4468,1946.1,400,399.9,1200,1300,pl1,1,0,0,0
1787566203.1580546,4885.417,35.33,84,4500,2006.6,400,399.9,1200,1300,pl1,1,0,0,0
1787566203.409464,4885.669,34.83,88,4473,1570.1,400,400.0,1200,1300,pl1,1,0,0,0
1787566203.6608558,4885.92,34.92,89,4500,1762.4,3302,990.0,1200,1300,pl1,1,0,0,0
1787566203.912201,4886.171,34.81,85,4468,1339.9,2590,898.8,1200,1300,pl1,1,0,0,0
1787566204.1634703,4886.423,35.32,85,4499,1890.9,703,437.8,1200,1300,pl1,1,0,0,0
1787566204.415176,4886.674,34.89,85,4500,1714.1,624,427.9,1200,1300,pl1,1,0,0,0
1787566204.6665533,4886.926,35.02,88,4485,1149.5,2587,923.9,1200,1300,pl1,1,0,0,0
1787566204.9178472,4887.177,34.97,90,4449,1669.1,1913,659.5,1200,1300,pl1,1,0,0,0
1787566205.1690066,4887.428,36.01,85,4405,1961.2,400,400.0,1150,1300,pl1,1,0,0,0
1787566205.4204879,4887.679,33.73,85,4500,1425.0,2285,635.5,1250,1300,pl1,1,0,0,0
1787566205.6719623,4887.931,35.52,84,4493,2172.9,400,400.0,1200,1300,pl1,1,0,0,0
1787566205.9233422,4888.183,34.89,87,4465,1241.5,2467,827.2,1200,1300,pl1,1,0,0,0
1787566206.1747067,4888.434,35.7,91,4500,1909.1,3298,964.1,1150,1300,pl1,1,0,0,0
1787566206.4259498,4888.685,34.12,84,4500,1638.4,919,464.9,1200,1300,pl1,1,0,0,0
1787566206.6773174,4888.936,35.82,85,4473,1559.4,2218,776.1,1200,1300,pl1,1,0,0,0
1787566206.9288106,4889.188,34.49,85,4500,1622.0,784,448.0,1200,1300,pl1,1,0,0,0
1787566207.1802528,4889.439,35.02,83,4500,1899.0,637,429.6,1200,1300,pl1,1,0,0,0
1787566207.4316394,4889.691,35.27,91,4500,1677.2,3293,1285.8,1200,1300,pl1,1,0,0,0
1787566207.6830263,4889.942,34.44,85,4500,1834.9,689,436.1,1200,1300,pl1,1,0,0,0
1787566207.9341326,4890.193,34.81,84,4479,1627.5,684,435.5,1250,1300,pl1,1,0,0,0
1787566208.1853101,4890.445,35.17,88,4469,1636.2,2141,982.0,1200,1300,pl1,1,0,0,0
1787566208.4368472,4890.696,35.47,85,4500,1541.5,3300,762.4,1200,1300,pl1,1,0,0,0
1787566208.6882682,4890.947,34.64,85,4385,1691.1,805,450.6,1250,1300,pl1,1,0,0,0
1787566208.9397495,4891.199,35.13,85,4500,1682.4,1393,524.1,1200,1300,pl1,1,0,0,0
1787566209.1910698,4891.45,35.19,85,4462,1496.0,3303,1125.4,1150,1300,pl1,1,0,0,0
1787566209.4421258,4891.702,34.53,85,4407,2047.9,2155,892.4,1200,1300,pl1,1,0,0,0
1787566209.6935422,4891.953,34.9,84,4470,1341.1,1639,554.9,1250,1300,pl1,1,0,0,0
1787566209.9448617,4892.204,35.46,80,4500,1836.1,3325,1117.9,1200,1300,pl1,1,0,0,0
1787566210.1965644,4892.455,34.78,89,4500,1744.1,1979,659.2,1200,1300,pl1,1,0,0,0
1787566210.4480202,4892.707,34.91,87,4500,1659.4,2872,846.6,1200,1300,pl1,1,0,0,0
1787566210.6993034,4892.959,34.81,87,4500,2164.1,3302,1217.0,1250,1300,pl1,1,0,0,0
1787566210.9505465,4893.21,35.4,85,4415,1570.0,400,400.0,1200,1300,pl1,1,0,0,0
1787566211.2018416,4893.461,35.32,88,4500,1424.8,1993,599.1,1200,1300,pl1,1,0,0,0
1787566211.4534934,4893.712,34.43,84,4275,2756.4,2886,1176.5,1200,1300,pl1,1,0,0,0
1787566211.7047358,4893.964,34.8,85,4500,1540.4,1420,527.5,1250,1300,pl1,1,0,0,0
1787566211.9559462,4894.215,34.99,88,4244,1686.5,1449,531.1,1250,1300,pl1,1,0,0,0
1787566212.2071323,4894.466,35.58,85,4500,2364.5,486,410.8,1200,1300,pl1,1,0,0,0
1787566212.458498,4894.718,35.04,85,4471,1837.5,3078,794.5,1200,1300,pl1,1,0,0,0
1787566212.710015,4894.969,34.85,87,4468,1659.9,492,411.5,1200,1300,pl1,1,0,0,0
1787566212.9613953,4895.221,34.75,88,4471,1891.5,3300,775.4,1250,1300,pl1,1,0,0,0
1787566213.2128115,4895.472,35.19,92,4459,2101.6,3295,1318.8,1200,1300,pl1,1,0,0,0
1787566213.4640872,4895.723,35.44,90,4345,1580.6,1474,534.2,1200,1300,pl1,1,0,0,0
1787566213.7154217,4895.975,34.84,88,4442,1862.9,866,458.1,1150,1300,pl1,1,0,0,0
1787566213.9675636,4896.226,34.45,87,4407,2582.4,2180,642.2,1200,1300,pl1,1,0,0,0
1787566214.2194672,4896.478,35.47,90,4500,1195.6,3052,869.5,1200,1300,pl1,1,0,0,0
1787566214.4717772,4896.73,35.17,91,4455,1413.8,3299,1829.5,1200,1300,pl1,1,0,0,0
1787566214.723275,4896.982,35.14,85,4454,1354.5,1704,658.0,1200,1300,pl1,1,0,0,0
1787566214.9746487,4897.234,34.44,87,4406,1743.2,1364,520.5,1200,1300,pl1,1,0,0,0
1787566215.2256684,4897.485,35.33,88,4467,1992.8,1730,713.5,1200,1300,pl1,1,0,0,0
1787566215.4770305,4897.736,35.23,89,4504,2367.0,1783,572.9,1200,1300,pl1,1,0,0,0
1787566215.728425,4897.988,34.48,89,4500,2159.2,542,417.8,1250,1300,pl1,1,0,0,0
1787566216.0172095,4898.239,41.22,91,4316,2315.8,3299,816.6,1150,1300,pl1,1,0,0,0
1787566216.2685306,4898.528,29.97,88,4465,2496.0,2197,624.5,1200,1300,pl1,1,0,0,0
1787566216.5199184,4898.779,35.27,88,4458,907.2,2255,688.2,1150,1300,pl1,1,0,0,0
1787566216.7713435,4899.03,34.32,87,4460,1375.4,2653,698.1,1200,1300,pl1,1,0,0,0
1787566217.022674,4899.282,35.61,88,4500,1370.6,1717,564.6,1200,1300,pl1,1,0,0,0
